ID;Name;Active
1;6PAK Nutrition;1
2;7 Nutrition;1
3;ActivLab;1
4;BSN;1
5;Bee Strong;1
6;Bio Tech USA;1
7;Bolero;1
8;Celiko;1
9;Feel Fit;1
10;Fitness Authority;1
11;Funky Flavors;1
12;GO ON! Nutrition;1
13;Granex;1
14;Hi Tec;1
15;INNY;1
16;Intenson;1
17;KFD Nutrition;1
18;KFD Sp. z o. o.;1
19;Krukam;1
20;"Mars & Snickers";1
21;Megabol;1
22;MyVita;1
23;NOW FOODS;1
24;OLI-OLI;1
25;Olimp;1
26;Optimum Nutrition;1
27;OstroVit;1
28;Pozostali Producenci;1
29;Real Pharm;1
30;Sante;1
31;Scitec Nutrition;1
32;SoWell;1
33;Swanson;1
34;Targroch;1
35;Trec;1
36;Vitalmax;1
37;Wild Willy;1
